{
  "api": {
    "name": "demoo",
    "version": "1.0.0",
    "base_url": "https://your-domain.com/api/demoo",
    "generated_at": "2026-01-29 19:36:26",
    "functions": [
      {
        "name": "find_min",
        "signature": "find_min()",
        "description": "The find_min function performs operations with the provided parameters.",
        "parameters": [],
        "returns": "Returns the computed result based on find_min operation.",
        "examples": [
          "result = find_min()"
        ]
      },
      {
        "name": "find_max",
        "signature": "find_max()",
        "description": "The find_max function performs operations with the provided parameters.",
        "parameters": [],
        "returns": "Returns the computed result based on find_max operation.",
        "examples": [
          "result = find_max()"
        ]
      }
    ]
  }
}