{
  "openapi": "3.0.0",
  "info": {
    "title": "demoo API",
    "version": "1.0.0",
    "description": "Auto-generated API documentation for demoo"
  },
  "paths": {
    "/api/find_min": {
      "post": {
        "summary": "Execute find_min function",
        "description": "The find_min function performs operations with the provided parameters.",
        "requestBody": {
          "content": {
            "application/json": {
              "schema": {
                "type": "object",
                "properties": {}
              }
            }
          }
        },
        "responses": {
          "200": {
            "description": "Successful execution",
            "content": {
              "application/json": {
                "schema": {
                  "type": "object",
                  "properties": {
                    "result": {
                      "type": "any"
                    },
                    "success": {
                      "type": "boolean"
                    }
                  }
                }
              }
            }
          }
        }
      }
    },
    "/api/find_max": {
      "post": {
        "summary": "Execute find_max function",
        "description": "The find_max function performs operations with the provided parameters.",
        "requestBody": {
          "content": {
            "application/json": {
              "schema": {
                "type": "object",
                "properties": {}
              }
            }
          }
        },
        "responses": {
          "200": {
            "description": "Successful execution",
            "content": {
              "application/json": {
                "schema": {
                  "type": "object",
                  "properties": {
                    "result": {
                      "type": "any"
                    },
                    "success": {
                      "type": "boolean"
                    }
                  }
                }
              }
            }
          }
        }
      }
    }
  }
}