{
  "info": {
    "name": "demoo API",
    "description": "Auto-generated Postman collection for demoo",
    "schema": "https://schema.getpostman.com/json/collection/v2.1.0/collection.json"
  },
  "item": [
    {
      "name": "find_min",
      "request": {
        "method": "POST",
        "header": [
          {
            "key": "Content-Type",
            "value": "application/json"
          }
        ],
        "url": {
          "raw": "{{base_url}}/api/find_min",
          "host": [
            "{{base_url}}"
          ],
          "path": [
            "api",
            "find_min"
          ]
        },
        "body": {
          "mode": "raw",
          "raw": "{}"
        }
      },
      "response": []
    },
    {
      "name": "find_max",
      "request": {
        "method": "POST",
        "header": [
          {
            "key": "Content-Type",
            "value": "application/json"
          }
        ],
        "url": {
          "raw": "{{base_url}}/api/find_max",
          "host": [
            "{{base_url}}"
          ],
          "path": [
            "api",
            "find_max"
          ]
        },
        "body": {
          "mode": "raw",
          "raw": "{}"
        }
      },
      "response": []
    }
  ]
}